{
  "hash": "5c75679a",
  "configHash": "12cc7072",
  "lockfileHash": "69a36576",
  "browserHash": "c30eebcd",
  "optimized": {
    "@angular/common": {
      "src": "../../../../../../node_modules/@angular/common/fesm2022/common.mjs",
      "file": "@angular_common.js",
      "fileHash": "43c2e66f",
      "needsInterop": false
    },
    "@angular/common/http": {
      "src": "../../../../../../node_modules/@angular/common/fesm2022/http.mjs",
      "file": "@angular_common_http.js",
      "fileHash": "709e7471",
      "needsInterop": false
    },
    "@angular/core": {
      "src": "../../../../../../node_modules/@angular/core/fesm2022/core.mjs",
      "file": "@angular_core.js",
      "fileHash": "88fff038",
      "needsInterop": false
    },
    "@angular/forms": {
      "src": "../../../../../../node_modules/@angular/forms/fesm2022/forms.mjs",
      "file": "@angular_forms.js",
      "fileHash": "875f929e",
      "needsInterop": false
    },
    "@angular/platform-browser": {
      "src": "../../../../../../node_modules/@angular/platform-browser/fesm2022/platform-browser.mjs",
      "file": "@angular_platform-browser.js",
      "fileHash": "f9294f64",
      "needsInterop": false
    },
    "@angular/router": {
      "src": "../../../../../../node_modules/@angular/router/fesm2022/router.mjs",
      "file": "@angular_router.js",
      "fileHash": "e5f3e478",
      "needsInterop": false
    }
  },
  "chunks": {
    "chunk-RBYXBZR3": {
      "file": "chunk-RBYXBZR3.js"
    },
    "chunk-S7THNPP3": {
      "file": "chunk-S7THNPP3.js"
    },
    "chunk-KN6SQWZW": {
      "file": "chunk-KN6SQWZW.js"
    },
    "chunk-B3ZHPNHS": {
      "file": "chunk-B3ZHPNHS.js"
    },
    "chunk-XOTSFRSW": {
      "file": "chunk-XOTSFRSW.js"
    }
  }
}